1.707559696279733252e+00,3.357564995489050741e-01
1.484242166987595812e+00,-1.941597839166984141e-01
1.657847528053792985e+00,1.492333545139234996e-01
1.231101754747603305e+00,-5.704231443015610470e-01
1.797789692972616482e+00,6.540179853907189811e-01
1.383163323687095048e+00,-8.563501647126291194e-02
1.701682408906090904e+00,-8.880536692807246002e-01
1.992490545320673601e+00,3.949418031329102741e-01
1.543681075030550076e+00,-6.677619073107594616e-01
1.588247300312606081e+00,-2.270430604272306585e-01
8.615801581024147282e-01,-4.242238856546873271e-01
9.034699555391229042e-01,3.708872579216695442e-01
1.231014218584525644e+00,-3.551266302831614791e-02
1.896454096846927673e+00,6.253155709630080494e-01
1.490752720349231453e+00,2.815749761377852045e-01
5.256804697586399122e-01,-2.236668171361714252e-01
1.384353910796540577e+00,-2.931128454473077571e-01
1.740166498309396514e+00,4.708845153148182860e-01
1.649443620186043846e+00,2.089435013707642286e-01
1.527893835204425343e+00,-2.376979620993694420e-01
1.079076758720711515e+00,-2.097158088289642341e-01
1.068890281587830948e+00,-2.579578282733063777e-01
1.657101626795111748e+00,1.818537482089244151e-01
1.830573387823606346e+00,-4.353904691248206005e-02
1.587131606062839762e+00,5.524519244569978810e-02
1.616499418150996625e+00,-5.872970985702653975e-03
1.669751483456423102e+00,4.203587978514939927e-01
1.428062650149135582e+00,4.035689615050925827e-01
8.308868553267103607e-01,9.387952905030574335e-01
1.235770659597389631e+00,-3.039530982571365947e-02
8.892031647102810465e-01,-1.188908720077323788e-02
2.181073405161893408e+00,-3.523347477664187100e-01
1.497599464774014733e+00,-6.479685578878858765e-01
1.910777528454052465e+00,-4.868044298438721218e-01
1.686668724502832228e+00,7.659055026321104354e-02
1.751628568328817970e+00,5.749141983066486938e-01
1.943964796609279455e+00,1.893918465752988112e-01
1.814775472686409818e+00,-7.233820405307708756e-02
1.398204898062439971e+00,-3.341227582451928857e-01
1.244676847921502905e+00,1.862623708643295628e-01
2.100543239283537922e+00,1.358365124928574425e-04
1.069736077417113851e+00,2.456075798947076616e-01
1.676323161923999772e+00,-3.747397214299338919e-02
1.484738973639790016e+00,-4.449896095948575603e-01
1.432864132917413658e+00,-5.391119468759085764e-01
2.191141968819661390e+00,-7.010781993118880839e-02
1.724171447698371606e+00,-1.665264541560380063e-01
1.465632023028691888e+00,4.317503853435972205e-01
1.422545038885157931e+00,-3.757742433767654600e-01
7.749168352493596146e-01,7.366380544706554456e-01
1.941462940638042589e+00,-3.245796848014335656e-01
1.835311989962705725e+00,4.494264382887238063e-01
1.459194629643257635e+00,-5.161728979170987497e-01
1.614603361107964430e+00,7.505249196656969823e-02
1.947982160995685330e+00,-1.437155214784520130e-01
1.443344410104301145e+00,3.723350787818732049e-02
1.677167720384634686e+00,-1.630707296289146402e-01
8.931956611934538381e-01,2.345975596147380771e-01
1.006890828664745330e+00,1.709279290543337937e-01
1.518918824139888102e+00,2.811632619681361800e-01
2.074526893585020293e+00,1.248658013210285800e+00
1.979859602138550612e+00,3.421429592806175118e-02
1.717083042594644837e+00,5.011751810836067023e-01
9.490769529826101891e-01,2.696673322675910422e-03
1.521757960159478396e+00,2.009763092033175005e-02
2.188879158379356760e+00,-4.675749111584896478e-01
1.540857376342197327e+00,-6.027211699105675669e-01
1.171216833446237171e+00,1.829358441166910321e-01
1.279699417072841960e+00,-4.119308525892916295e-01
1.270964606296455468e+00,1.161280864838257210e-01
1.368339395902190780e+00,-5.737267230344137436e-01
1.855183627344110464e+00,2.629098394091036739e-01
1.372957647089937172e+00,6.494420571979576673e-01
2.550685199356505617e+00,-4.804400595227450999e-02
1.914988361411035456e+00,-5.089241895718391584e-01
2.160989723651622452e+00,6.748973429163153404e-02
1.717539241968151220e+00,-1.563410080117885459e-01
1.512368249696689482e+00,-2.808900266404359414e-01
1.719471628271391550e+00,1.983588446868949362e-01
1.453819681403487607e+00,-2.066389717399786385e-01
1.531358495806197650e+00,-3.359723651090056884e-01
1.963721694260701423e+00,2.312663342952787637e-01
1.691624595780482965e+00,-6.724655025905260097e-02
1.700534971008099028e+00,-6.999834461607121749e-01
2.246951555130622502e+00,-2.418273785839023804e-01
1.564868008062882287e+00,-1.909650491188350785e-01
1.658572920258117644e+00,3.617810651024923052e-01
1.906108442913394319e+00,1.171148466456425480e-01
1.434089390584010415e+00,-1.146326501184730812e-01
2.063421097575542706e+00,1.136794505020182200e-01
1.883206763603604728e+00,-4.555407897972386655e-01
1.042925551815974572e+00,-4.429153854290611703e-01
1.146881539046214815e+00,8.065037601558004976e-01
1.571318820245120262e+00,3.849751728170063281e-01
1.048548619324647602e+00,6.829657147252579108e-01
1.686684823001106004e+00,1.907165402090548467e-01
1.792410059984457682e+00,-2.600069255924948308e-01
1.372005232774384353e+00,-6.790133570461328594e-01
1.080133906414071365e+00,-1.379519506619109048e-01
1.680889987371985805e+00,4.637599835947011084e-01
1.160656863224074575e+00,-9.655358151296908331e-03
2.063333070735803521e+00,-4.320034386316376485e-01
1.766895269872424068e+00,1.571206422583475981e-01
1.655101869850336582e+00,2.025840565530582782e-01
1.395378118710286941e+00,3.740952340026313383e-01
1.389915063572555898e+00,1.891414085114316024e-01
1.088733967056658702e+00,-2.866041844226041579e-01
1.608769782633777679e+00,-3.279985486199704647e-01
1.885287601520258649e+00,-2.795525853796071991e-01
1.670582395367011364e+00,-5.922384619152190055e-01
1.398203526723916568e+00,-4.241852840739652186e-01
1.460505102699334312e+00,-1.372510795919756332e-01
1.251795466855208705e+00,-6.353739505923726716e-01
1.883230551425644217e+00,4.091019728508339948e-01
1.333855945269963872e+00,-3.912018352147273587e-02
1.857586948698848106e+00,-6.088663762459604195e-02
1.241741902773221939e+00,-6.078723583238958561e-01
1.615271940921236160e+00,-2.030866500203186709e-01
1.714394704938209335e+00,1.862077562224726812e-01
1.194754635731169801e+00,8.919101838869177845e-01
1.490252890441089884e+00,1.857789547174708844e-01
1.603803115800034318e+00,-1.663622583511208397e-01
1.307187084016755430e+00,4.821668299885465553e-02
1.443943824637230033e+00,-4.078459720915241782e-01
1.239185506453138519e+00,-4.617907913001384479e-01
1.235999314583417164e+00,-6.137333264707274250e-01
1.761993409956085443e+00,-1.338975841458351079e-01
1.470969472532812627e+00,-2.729259413006452917e-01
1.928627031529026148e+00,-9.425948534075827556e-01
1.273237483655648372e+00,2.577723838334652906e-01
1.407342986170177834e+00,-1.445240366175749025e-01
1.851983737085229009e+00,1.239480704030177377e-01
1.221027260595885178e+00,-2.429019837593686393e-01
1.288067404470585986e+00,4.182314852978342989e-02
1.254061180106236240e+00,8.836205268988947537e-02
1.537049379609127353e+00,4.912281328461904351e-01
1.667034390015331935e+00,8.079468332811837739e-01
2.251779993524957391e+00,-3.564133506602904511e-01
1.992959966433727415e+00,2.156026062139535515e-01
1.208126227060001057e+00,2.811247570159779441e-01
1.078391257396547509e+00,6.098430131093378614e-01
1.179312423709941271e+00,-7.545018082696143547e-02
1.423035020900000003e+00,-1.425764404977867827e-01
1.379018853254988519e+00,2.171606192079062192e-01
1.692785409076875691e+00,1.933625770520966403e-02
1.489017597373543556e+00,-5.859122559183529977e-02
1.836456165705401711e+00,4.167959681922675519e-01
1.676185289896528596e+00,-5.230715752284956777e-01
1.588328982093196062e+00,1.014019473226330098e-01
1.695064947331016647e+00,-5.333263020386992403e-01
9.259031583375929575e-01,-1.419761296890351687e-01
1.281415183949883074e+00,-2.588478981035301674e-04
1.635769628821633681e+00,5.973660664507715046e-01
1.388902474659601260e+00,3.105650146761916586e-02
1.118049647536465629e+00,-1.307729857064793277e-01
1.066397744080310739e+00,-4.529619526038570210e-01
1.761810806621929570e+00,-1.574246141909092234e-01
1.341023327803335441e+00,-5.052161033772624155e-01
1.584939414898251631e+00,1.291280592424918494e-01
1.324356141987169888e+00,3.041844865536881826e-01
1.368443995086415788e+00,3.335679975565939981e-01
2.105538336043561998e+00,3.046193154654198987e-02
1.912071133645131482e+00,1.820597228805454215e-01
1.808327164984155022e+00,5.929800007066978740e-01
1.312914697020529875e+00,5.108557125807929034e-02
1.730897626742268436e+00,3.767318040283335751e-02
1.943579888290369428e+00,1.553255688109018463e-02
1.223141941677802658e+00,8.791481569875782276e-02
1.379915701615309187e+00,-1.475935919671843843e-01
1.322134367984556969e+00,8.495379905660394027e-02
1.631310251463068184e+00,-5.768776869645253491e-02
1.911693722700499753e+00,-2.025666737588244226e-02
1.353582777508209212e+00,-2.762593039350474400e-01
1.966925008876881042e+00,-1.724936782727965745e-01
1.564871874422014919e+00,2.445548910763493400e-01
1.417307504553226183e+00,3.542938260789958438e-01
1.770453568007178902e+00,-2.388810891458492680e-02
1.955069001261489303e+00,3.803515110924444720e-01
1.258571431392568218e+00,-2.141696475977729885e-01
1.479698940858717560e+00,1.640325471843186722e-01
2.119577648304125539e+00,-3.830230065150181384e-01
1.817414916005535286e+00,-3.858187043633610758e-01
1.253033181594166656e+00,-1.151441002724910428e-01
1.677549914960635213e+00,-5.642382733873689826e-01
1.619503751304490979e+00,-8.054146925701652360e-02
1.442082693557426909e+00,2.200196500634410690e-01
9.867325167409103370e-01,5.786673724002015101e-02
2.095113619439460173e+00,-3.359191791119203185e-01
1.191728286780797896e+00,3.796953987440382927e-01
1.276221383611392701e+00,-3.269178022733353062e-02
1.368573056105136132e+00,-3.326269307524385987e-01
1.056022364628995902e+00,-3.800616589943220935e-01
1.085172059881324813e+00,9.611599264312831181e-02
1.250502331125951549e+00,-8.474048362457210770e-02
1.301858440472623224e+00,8.491098883812916998e-02
1.733689260099201990e+00,7.147012283642156794e-02
1.952697936962116465e+00,1.105090799785968247e-01
1.838808087418274839e+00,-4.924469377484322341e-01
1.830943192748204051e+00,1.776391509537758118e-03
1.649889792628411955e+00,-5.046436900621446009e-01
7.770812689837458542e-01,-5.366080147811781442e-01
1.627068812799868924e+00,-4.199485954045595326e-01
1.216021436237441966e+00,3.999113031097272786e-01
1.767569591267513562e+00,3.923417475565355028e-01
1.859104908757289731e+00,4.148071976646031805e-02
1.887304019028107405e+00,4.564714605510202805e-01
1.493405556713798710e+00,4.080375826035338438e-01
2.087310286200783516e+00,3.513154745749857422e-01
1.127840476718159568e+00,3.698256258921553963e-01
1.327842560703605290e+00,-2.201065795445366902e-01
1.088017860765540856e+00,-1.519347616533088530e-01
1.434235268105028105e+00,1.539705524906908318e-01
2.049456731280592248e+00,8.575137218747769241e-02
1.159389906190491981e+00,-3.634596050077910645e-01
1.625698274285686917e+00,1.601075928745496479e-01
1.582967076556703212e+00,-1.338056686663553763e-01
1.635818819947023384e+00,1.615227415865588545e-01
9.319419228552207057e-01,-3.624602688007404483e-01
1.584654645682055607e+00,-4.236062937110551263e-01
1.451918797677114181e+00,8.901631882462149314e-02
1.842921219784630971e+00,-1.632446684695655903e-01
1.670752619164865838e+00,1.790995248371620163e-01
1.800003220639120327e+00,-2.622633473288364936e-01
1.289967566031201773e+00,-5.208266244878865248e-01
1.894477590060341221e+00,2.892876341934239037e-01
1.214060412353080043e+00,9.667122862056833077e-02
1.459828748228136241e+00,5.810033822969371542e-01
1.134409887986655097e+00,1.074812337733407619e-01
1.754922798921593419e+00,1.710148219494078969e-01
1.274342665750573200e+00,1.009700457039202637e-01
1.412285996303492608e+00,-3.302037264894531199e-01
1.897227021664967372e+00,3.686250415578412043e-01
1.781827185947359116e+00,4.041550480430960296e-02
1.574721985215045583e+00,1.688175386905799158e-01
1.219688866811955652e+00,4.282293523891147480e-01
1.418250584693185656e+00,-2.649360618833283137e-02
1.088719990873193266e+00,-1.225709392168860927e-02
1.162281643816693633e+00,1.037154824049454221e-01
1.789824247326622819e+00,4.937249905897271307e-01
1.431006307250193066e+00,-4.523613923553810312e-01
1.528407751062658138e+00,3.142267089565926597e-01
1.501272920700129188e+00,3.152673538295432121e-02
1.326974825798917346e+00,2.101921301663615127e-01
1.693204617501064657e+00,-1.188450767470975063e-02
1.713466958490835301e+00,-1.303595512056771599e-01
1.493989692021964633e+00,-5.682468107214174724e-01
1.276106919160727049e+00,-2.828623183090724358e-01
1.727433162000933997e+00,3.176734703676222793e-01
1.720624180166073103e+00,-2.178808912060786196e-01
2.141266862903252743e+00,5.747430690496654337e-01
1.781848625857434865e+00,2.751881101291588916e-01
1.755569029346304211e+00,1.864944408211374749e-01
1.191034016714158206e+00,-2.274176336006688004e-01
9.338149976981140465e-01,-4.825273224148512452e-01
1.103948749737592383e+00,-3.480364160028189269e-01
9.628252714927455491e-01,-1.175268524509093387e-01
1.517104979074696658e+00,-2.468828356138897118e-01
1.642126852856192532e+00,-7.109219356049890637e-01
2.033010775902987177e+00,2.998040787433507437e-01
5.842705460572936715e-01,1.942650553020965343e-01
1.454924498540697053e+00,7.541903071519524826e-02
1.905054363814545182e+00,-1.700546569136140995e-01
1.747938924594249821e+00,2.969826320699450184e-01
1.265145488886000535e+00,-3.986980941971538517e-01
1.476387416813909059e+00,-3.312291984916269083e-01
1.487697034609370084e+00,-1.245850295413553771e-01
1.169060190327942284e+00,-1.816114610713500110e-01
1.078344090419496082e+00,-3.305584608979737493e-01
1.683344800040689648e+00,-1.498528758458080312e-01
9.945686838859318923e-01,-4.422759573633882474e-02
1.376739330366120839e+00,-1.062657164340643501e-01
2.002241699114602369e+00,-7.716716791064838488e-02
1.442499187839967112e+00,-6.232543286869517141e-02
1.354502586712259316e+00,1.687952507908016264e-01
7.362784272868176938e-01,4.050083897399666538e-02
5.656277888511430652e-01,1.991345868309155054e-02
1.316794537500755258e+00,-1.719430408360956425e-02
1.542376420756746969e+00,-1.252074656580535461e-01
1.931062651723004286e+00,1.380943637638218716e-02
1.071816292877004306e+00,-1.543272107411133576e-01
1.539274343941869683e+00,4.207603613167035239e-02
1.362821826101681566e+00,-2.079747706213797287e-01
1.648759865741625807e+00,4.586177156222845941e-01
1.572274628542970731e+00,-4.442876302916327624e-01
1.383343485935899952e+00,-5.662362802705445119e-01
2.044552592918564393e+00,1.076504630352604849e-04
1.398996738065449330e+00,5.486882317038381807e-01
1.156330548737396047e+00,2.495044652224065462e-02
2.054339452210655725e+00,8.286744813763055606e-02
1.538194022013540163e+00,1.379594826382874173e-01
1.691571715145152588e+00,6.639605020015326708e-01
1.335261865308825957e+00,-1.059637974111096309e-01
1.403746689505356526e+00,3.659601831928200322e-01
1.807756501550252359e+00,4.978599474949046283e-02
1.114573260771553720e+00,-9.095339585674164229e-02
1.071066070309640850e+00,-7.288739906090470067e-01
1.819886386128695133e+00,4.036754223781953699e-01
1.795644760494885750e+00,-2.764651709315451011e-01
2.046274052159785750e+00,-9.299228623083251322e-02
1.227459205271211218e+00,-1.564632355059462354e-01
1.539251993997621915e+00,-6.362655476765121110e-01
1.328231978908096078e+00,-6.007562906681226389e-01
1.763382378421525232e+00,4.250056570400198019e-01
1.776417881360570883e+00,1.793484132105160498e-03
1.094722279092791073e+00,4.375177342216077792e-01
1.218774179597858165e+00,-3.992262084768419816e-01
1.510912644587659059e+00,2.533056343842742253e-01
2.032926172620574512e+00,-3.425641907005822981e-03
1.459479007283263075e+00,-1.371508226219244897e-01
1.452484355239293201e+00,3.852656700689822689e-01
1.855640369923449384e+00,-2.652571864812435787e-01
1.637886478119628952e+00,-1.431507797753342470e-01
1.338026907817147393e+00,-4.617331661199011728e-01
1.887192795342846674e+00,-1.769460491504367960e-01
1.565290913800287287e+00,-2.520619468379721173e-01
1.692177609200734789e+00,2.734698156259736668e-01
1.869818841653889674e+00,2.287283463030941322e-01
1.003334198332921590e+00,-2.736132186370052177e-01
1.253413233990894327e+00,2.151490733205294603e-01
1.453965007515155561e+00,-3.352872843242599155e-01
1.011625076254423217e+00,-3.925557204088033214e-01
4.543760049411802449e-01,-6.418964966031615038e-02
1.371928963602291329e+00,-4.871423758785207725e-01
1.611862313797477242e+00,-2.848321863775411522e-01
1.525203482882682371e+00,-5.570814148211564003e-03
1.844776299521703411e+00,3.386609336416791516e-01
1.647101030094748619e+00,5.235749153036091119e-01
1.637829391961997505e+00,-3.730983158361150104e-02
1.213393866414008038e+00,-5.541526865470102203e-01
1.956105473406855477e+00,5.362430136500414418e-02
1.606163122323463588e+00,1.069059899250621448e-01
1.699601314186762968e+00,7.352369434265856873e-02
8.178497831651783123e-01,-3.670514986772656085e-01
1.259611236977724591e+00,-6.297202921707901746e-01
5.217436358837194144e-01,1.934526748226604309e-01
1.814509054080724049e+00,8.408474593218498438e-02
1.828546294808219397e+00,3.494580556364746404e-01
1.401128937974563282e+00,-1.727752414162567751e-01
9.155220922005509188e-01,-4.305606567323596590e-01
1.568628767185882289e+00,-2.210109709542493750e-01
1.736051073362037567e+00,-1.268853004057102773e-01
1.443858932445685195e+00,-8.606657861374719665e-02
1.108537690335454240e+00,1.918261635659672115e-01
1.233117239310986823e+00,-5.748979882051310011e-03
2.203275091131003283e+00,-1.739651672038971253e-01
1.184345351496226773e+00,3.035111720502583696e-02
7.099741710589665411e-01,1.458329437847896148e-01
1.529672404194649005e+00,-5.330265433390305452e-01
1.764732468948599919e+00,1.572707693669029086e-02
1.343788694620131396e+00,1.550429424476421625e-01
4.260416820617138889e-01,3.009186358383504900e-01
1.269117936451093609e+00,-4.642442064553532477e-01
1.295491867587883705e+00,1.264352677018802107e-01
2.306602775835880692e+00,-1.679578615366442707e-01
9.193928356720914019e-01,-4.163628968156974919e-01
2.011618755290958127e+00,-2.527672865180426442e-01
7.619493075721626152e-01,-6.150920411070861515e-01
6.413082818203450497e-01,3.032420987073182195e-01
1.318711825646923241e+00,4.474012663255480526e-01
2.127855289839914565e+00,-1.415459566174770978e-01
1.643578031314075982e+00,-4.810220163126441295e-01
1.393222454708200164e+00,-4.086884318832820912e-02
1.622312392298250749e+00,9.181147509240987492e-02
1.897045859430064096e+00,-4.818588864712187170e-01
1.846056909561400783e+00,-2.696777946464873899e-01
1.555828085731716159e+00,-1.223930159963499270e-01
1.359078314419624345e+00,-4.525189339230950569e-01
1.017702002790887406e+00,1.227411895300510591e-01
8.783766014067130312e-01,-1.399994372745124727e-01
1.239110887670619832e+00,4.547845776510779370e-01
2.025559541836391197e+00,2.064799784617447898e-01
1.595639932224972135e+00,4.403397240713430860e-01
1.231210895451737564e+00,-7.316180693658855816e-01
1.313514269523377909e+00,2.024074580171201510e-01
9.288376502076779451e-01,7.877301542572785753e-02
2.000733660708938988e+00,-3.783826309996122239e-01
1.974712566698054061e+00,-2.563139326472311796e-01
1.412429453740743357e+00,-1.245364827154908510e-01
1.225907939965436899e+00,8.852518014404560376e-02
1.787282923973559701e+00,1.004580116958343761e-02
1.243206375692280874e+00,-3.286915246028854209e-01
1.542792992164208288e+00,-2.408325913384679398e-02
1.672094324186646164e+00,-4.860501467582069302e-02
1.641775785916482544e+00,-1.647435530169982509e-01
1.359345328860247726e+00,1.961590842810849722e-01
1.587535816305603031e+00,2.693233310241516243e-01
6.327312289987192528e-01,-4.255000917161967933e-01
1.407039849890376670e+00,-2.381078746114990430e-01
1.140700897714034490e+00,1.234256353619926222e-01
1.883671305674013530e+00,-1.170127495667216688e-01
9.726139811515784883e-01,4.304617340989347896e-01
1.610088149136761126e+00,1.933769356682087104e-01
9.166177889114910382e-01,-2.751210168324958599e-03
1.936025180845150295e+00,-1.443153839370277525e-01
1.324017251471352630e+00,1.099277822435106716e-01
1.587132439811730800e+00,2.538274465520940493e-01
1.668216282507174020e+00,-9.326477513146455567e-02
1.556377332671942337e+00,4.347683219386271058e-02
1.608443466094138019e+00,1.116209908188283556e-01
1.780461322564557580e+00,-2.671669056014248644e-01
1.296324723969474180e+00,7.151675897038434204e-01
1.233588681346888816e+00,-5.846214521756856186e-01
1.495905110543864103e+00,-5.090043520427484092e-01
1.793437080791199900e+00,9.248209370186267764e-01
1.944363505346227372e+00,1.916299226723242044e-01
1.280076852389611108e+00,-9.026983524626107369e-02
1.374198237829940439e+00,-4.417859107427247189e-01
1.761771688342130604e+00,2.026078705189529872e-01
1.021557958287834911e+00,-4.990015439384942186e-01
1.862543533256560080e+00,4.402924733143162572e-01
1.264414915261811156e+00,3.866809997181817060e-01
1.408384658273128975e+00,-5.844464932657368328e-01
1.229275070829852989e+00,3.240302227674845548e-01
1.636773281192119400e+00,-3.462591913122651799e-01
1.117933374909463540e+00,-4.173351205530731467e-01
2.112297410152335964e+00,4.209790782181196955e-01
1.569951541963044317e+00,-3.465274015950302600e-01
1.667957175351905130e+00,-8.371944712393839527e-01
2.353304263557299603e+00,-2.918772906220112318e-01
1.664975497365461132e+00,-1.613612826645772214e-01
1.369547863866852566e+00,-2.522830602433073777e-01
1.270819826336283542e+00,-5.979089367024755797e-01
1.446242155847474509e+00,-9.147306699000848362e-02
1.778103864898584741e+00,8.621288422464037926e-02
1.434324618371699778e+00,3.042929105721889904e-01
1.717999444248563767e+00,-3.273605751412730913e-02
1.775042384047981647e+00,-4.067183787298557229e-01
1.346510716084676096e+00,1.061498848693705026e-02
2.020235739752546777e+00,4.090095211403295128e-01
8.340304768277969627e-01,-1.244900420380106593e-01
2.069851709209396429e+00,-1.950959311022002485e-01
1.562523674428557774e+00,-4.940025763692013072e-02
1.914972526443031509e+00,-3.937480449990546916e-01
1.140632206337388599e+00,-4.899596183819959205e-01
1.510494123234525476e+00,2.007983479601972987e-01
1.592750102075319196e+00,-4.308105452609156671e-01
1.699971647516054452e+00,-2.479590954312370921e-01
1.562696689518925819e+00,-1.765329496339968288e-02
1.858429846962950771e+00,-6.106834420975417732e-01
1.769790546240148421e+00,-4.144325695381954056e-01
1.800167331318287323e+00,-8.448882540434025090e-01
1.614707983883860942e+00,1.191214025659371872e-01
1.437522370861294307e+00,4.497424213888132627e-01
1.683185816313129024e+00,2.677542810279408617e-02
1.633888551794297594e+00,-2.438963887567687505e-01
2.234484158826688827e+00,-5.510646500809889686e-02
1.558074017527620425e+00,2.411254375799835870e-01
1.222157275978026814e+00,-1.248972987665050022e-02
1.183746483961316098e+00,-5.337178233937666105e-01
1.552064720235590167e+00,-3.537742566425297608e-01
1.595199648759741518e+00,-4.854895971924138576e-01
1.932251658755592461e+00,2.036425171715735838e-01
1.425605620322631273e+00,-1.125910616843753681e-01
1.658501274307742746e+00,-3.026365405930030519e-02
1.592565985370017811e+00,-6.257881487682850352e-01
1.178630375796138052e+00,1.089869724281398999e-01
1.198227621434460710e+00,1.035897886804256068e-01
1.293726521061713708e+00,-1.788407171327150991e-01
1.575176309073885061e+00,3.088326043366895202e-01
9.862015176686231843e-01,-2.223607080727084406e-01
1.891513011498017871e+00,3.920270410949894813e-01
1.262473606222082934e+00,-3.887163369181201866e-01
1.341710501215496176e+00,-1.124748988477009132e-01
7.310201458910347005e-01,5.384998698468100864e-01
1.841351814475347792e+00,2.612388865494829071e-01
1.293020726400973652e+00,-5.225257754804104593e-01
8.270157699156915898e-01,1.179757188548516966e-01
1.706570073835599777e+00,5.265801032377065427e-01
1.411638509367429295e+00,-1.627168015606949014e-01
1.588293070013437891e+00,5.415630019615611523e-01
1.231558609004972160e+00,4.220116076826597312e-02
1.761280136748099467e+00,-2.487669695490600866e-02
1.785023532381190492e+00,-2.763177375150948079e-01
1.585423187369824127e+00,-2.835074363126577901e-01
1.825408729081118953e+00,-6.847339405258674461e-01
1.370367501436099644e+00,-7.408008805923090023e-02
1.429311784311780187e+00,-1.022640000895777383e-02
1.653942102138500569e+00,3.800270245407277869e-01
1.393623659552535976e+00,-3.716056393839881622e-01
2.052100398254471880e+00,1.394266528471286570e-01
1.510267174472849749e+00,-2.085491784170685411e-02
1.353845602044670304e+00,1.435325499404164762e-01
1.413070577555860963e+00,-1.710517265274852372e-01
1.861303175846430680e+00,-1.134053553551042787e-01
1.652932899702118652e+00,5.722511916416908040e-01
1.697043215052812526e+00,-2.324648906275105509e-01
9.836139009099413855e-01,3.924840390822344482e-01
1.660940682895194920e+00,2.654411151151884751e-01
1.844541668129348055e+00,7.533795578053868736e-02
1.149209153910626391e+00,-9.967994020793659316e-02
1.551032146365374231e+00,2.022458269927179531e-01
1.270398259670138197e+00,2.916956224518012508e-01
1.405897765098011787e+00,-3.746657169788545905e-01
1.049986434430536963e+00,-9.624864821999500331e-01
1.223763103624042836e+00,3.032254125862690608e-01
1.206896117695723136e+00,3.054515037880525807e-01
1.413033986493688721e+00,2.031867316796413248e-01
1.100990970264117408e+00,-2.850711553946662716e-02
1.703479395125405915e+00,-2.255673492296818294e-01
2.008568527681568572e+00,-3.733081991318070725e-01
8.066805679400209650e-01,2.032792208165907777e-01
1.445382271886840098e+00,5.516644787696486224e-02
1.540671772955382268e+00,1.913534317898502868e-01
1.802456555008997263e+00,-3.610415311524540760e-01
5.780865606742598972e-01,2.877643220258854773e-01
1.100138032230996821e+00,4.789877568469670666e-02
1.144093385738013557e+00,1.573408207606460385e-01
1.580477314612140471e+00,-3.990787124554152632e-01
4.132543057248709850e-01,-1.656083094214325369e-01
1.766299433511221206e+00,-2.717609609663433901e-01
1.841566938058375902e+00,-1.116973215740592051e-01
1.729307802514854941e+00,4.035252770860874721e-02
1.145522840034872036e+00,1.930629359973798365e-01
1.855081849117262038e+00,-3.177936110117601243e-01
1.868654441095852548e+00,-4.348079352029806666e-01
1.865391513969106851e+00,-2.626629115854354005e-02
1.092026423681990988e+00,9.361646630894442100e-02
1.879438168182881785e+00,1.882753388984787293e-02
1.899640816399640109e+00,-3.657652776578491638e-01
1.841685742169547613e+00,2.723362765174642819e-01
1.059248250803265456e+00,-1.206314542169921178e-01
1.285871002687773990e+00,1.197011832112576390e-01
1.409634449957065216e+00,2.759390046314588729e-02
1.585315609044448903e+00,5.180519547528270596e-01
1.410757441812953594e+00,-7.365176999906166699e-01
1.497755867225463389e+00,-2.004933733967545761e-01
1.903019726872431372e+00,-4.562713945363550128e-02
1.199050166003245987e+00,2.313469554403733697e-01
1.261686446828179431e+00,-2.687576590334762525e-02
9.190731480319938029e-01,-6.567634755436834171e-01
1.397840310573407629e+00,8.516443317253968859e-02
2.260372814673896169e+00,-8.352404279280871702e-01
1.376585022198885122e+00,5.446571621331020019e-01
1.193128481081849657e+00,7.706518922714085569e-03
1.758082248192949448e+00,1.392494324906594361e-01
1.019837529086837336e+00,-3.849648857536411839e-01
1.526370049665392026e+00,2.747891688115089992e-01
1.757932148886262924e+00,2.339544244725975664e-01
1.014733878659629607e+00,5.144190100069334637e-01
1.592182180324091645e+00,-3.828249081955849564e-01
1.488915338549161138e+00,-4.999646666618098312e-01
2.131193010871270666e+00,9.430923602142786064e-03
1.042583415417644987e+00,-1.407577803996610914e-02
1.095585911027081361e+00,-2.922797908148446269e-02
9.875368046062575900e-01,-1.943070183409899288e-01
9.533912818003023038e-01,-7.915254374309044216e-02
1.493207778294934451e+00,-5.201664187645886894e-01
1.029101219426926228e+00,-1.013651458217386947e-01
1.484080468897191807e+00,1.776774281524095001e-01
1.276859331810131337e+00,-1.462281371931136408e-02
1.002788481695907175e+00,6.538189233926621213e-01
2.068440185092264905e+00,-2.628598323757722066e-01
1.647006734154049301e+00,3.537137051402207411e-02
2.050026910383804690e+00,4.406363400277943376e-01
1.749348143515967902e+00,3.201733166042304568e-02
1.280016443122224068e+00,6.133850686163930949e-02
1.897178210476201166e+00,1.494761129083362616e-01
1.306052940886332614e+00,-4.435108156128306223e-01
1.167100622925169251e+00,1.773991210611097769e-01
1.013299841452262484e+00,6.219068760263415929e-02
1.608508557723031807e+00,-1.776728975622011986e-01
1.405345755540932329e+00,-8.001108111950306911e-01
1.316437553335682464e+00,-3.636815155598087101e-01
1.781234508385842297e+00,5.253796194469197156e-02
1.707075093687162370e+00,-4.085764545202569958e-02
1.706667516468434620e+00,-3.987179429858060398e-01
1.531345686968401454e+00,-1.355699385317101768e-01
1.554722244835464950e+00,-3.751610774635580903e-01
1.423577140503111238e+00,-1.516752375112286333e-01
1.238150587512143463e+00,-2.946641223228217976e-01
2.225070784337122021e+00,-1.115939794243824418e-01
9.825775570629288191e-01,-2.657154901672294511e-01
1.589193897957683843e+00,1.479227319296569920e-01
2.006860419035251919e+00,1.923354418275301514e-01
1.273209002669496215e+00,1.015537929556832031e-01
1.549877555143876373e+00,6.169335200785415474e-02
1.557173979833507360e+00,-1.793182825195152380e-03
1.643253377421870720e+00,-2.143936122708872405e-01
1.376039274486433817e+00,1.673447777954337190e-01
1.530183240823018043e+00,-4.926962864820589871e-01
2.089324248252655281e+00,-6.555053438482644212e-02
1.547575694448272365e+00,3.688915645363889384e-01
1.574076902506494458e+00,2.288506402509796200e-01
1.423639735778651882e+00,-2.325738261971095622e-01
1.498136788870171099e+00,5.985300642508553093e-01
8.595388032836681624e-01,1.149969876705637106e-01
1.172922026664999340e+00,1.321440202589855561e-01
1.566016531325275629e+00,8.526649715160702359e-01
1.171532644191904060e+00,-3.491417210688708694e-01
1.420105302585686236e+00,2.527239452933447428e-01
1.429337672071922860e+00,-7.211171416028214209e-02
1.647121107372711002e+00,4.028921589943472714e-01
1.781370561777027905e+00,-8.512549099777722006e-02
1.503655434468903040e+00,4.924710253757172418e-01
1.759035185762933606e+00,8.602408536289649077e-02
1.515178105642020379e+00,1.132859820227576364e-01
1.427796487340508014e+00,-2.594681555546314300e-01
1.340540643767031970e+00,4.532154359025612478e-01
1.826487784666454672e+00,-5.804166470018948809e-01
1.720214524914136955e+00,8.270119548713096569e-02
1.660098233010137037e+00,-3.797481811414261665e-01
1.416278944804107986e+00,-3.526465418779575756e-02
1.554550092162705122e+00,1.895262342240965070e-01
9.862614740625267329e-01,-2.229775306823086334e-01
2.107954786511091250e+00,2.923961703248737498e-01
1.320482759303800657e+00,-1.610920560077197250e-01
1.777991561082287175e+00,2.379768767951084829e-01
1.803713838273245829e+00,-2.435627999366319074e-01
1.353519931279523414e+00,-4.730066042099070889e-01
1.667055756256689669e+00,-7.754910984740281954e-02
1.181473621487814984e+00,7.541267718351664373e-02
1.400331522964133324e+00,1.958504960034627707e-01
1.181701106881277274e+00,-5.255364609270835041e-02
8.508403783146336608e-01,-3.281365869220859155e-02
1.039558962863476710e+00,-3.594553346280353334e-02
1.903327272676428983e+00,-1.179432454502503252e-01
1.860725693425265170e+00,-6.626146514512707419e-01
1.268317643740085376e+00,9.852798004041918301e-02
2.339834795417386815e+00,6.748621780383412538e-01
9.646369881205675290e-01,2.841018068327744728e-01
1.206422326204335427e+00,2.513811499235474312e-01
1.154519331348991651e+00,-2.883605545025683670e-01
1.910416394192770984e+00,1.146923780523150110e-01
1.425476500015570247e+00,-3.963663601580750262e-01
1.324463063025890452e+00,-6.707710442940560507e-03
1.354378092286507407e+00,-4.414744661163088613e-01
1.400533591317741022e+00,-9.138796008728924947e-02
1.091260684982556128e+00,3.299542261230715701e-01
1.434776072929093704e+00,-1.241403897260621031e-01
1.110598481116847225e+00,-1.884609168310348026e-01
1.716386104044809402e+00,-1.619939399398619972e-01
1.452512045598070012e+00,-6.261659981205293102e-01
1.959038213436257170e+00,7.729501097717060842e-01
1.972196757817779256e+00,1.054405155343414446e-01
1.703800886237231804e+00,-2.816105755533455934e-02
1.466738035371684568e+00,-1.131517397236425360e-01
1.686645673374664423e+00,1.761568434822034512e-01
1.659104221474251295e+00,-2.821984325323090848e-01
1.409480416951893966e+00,9.603790068306153338e-02
6.977158444711317742e-01,-1.875030795950030915e-01
1.443167837300406653e+00,4.299030297024870606e-01
9.678378615770281135e-01,2.098681075732740098e-01
1.265911621454937519e+00,7.135823698711395158e-02
4.799325588899825412e-01,6.247905788751966644e-02
1.305261441333573025e+00,-7.557903449132141738e-02
1.540146031347290334e+00,4.553974398984970140e-01
1.688222929796757033e+00,-3.073990955422427618e-01
1.150612880605253796e+00,-3.614259003610680865e-01
2.171085297011074111e+00,-3.194236507311327133e-01
1.491269452363525705e+00,-9.562912015690189227e-02
1.398707889590110165e+00,-3.546550117407605285e-01
9.939495998016059097e-01,-1.322040441783012832e-01
1.089549708159084584e+00,-3.093004990263438780e-01
1.593314689659687033e+00,3.263134564196716880e-01
1.559866872138449434e+00,3.810025928770690573e-01
1.429383817946378032e+00,-2.314633345270688813e-01
8.136587303235186530e-01,1.202435491504713072e-01
2.032359467165373523e+00,-9.208548074345132561e-02
1.067196607739461456e+00,-4.306017248048192581e-02
1.588298251506640835e+00,-4.039346303948992967e-01
1.543069498800645922e+00,2.797773888129590492e-01
1.683908609488435681e+00,-2.079810547457545400e-01
1.710479090106457933e+00,4.964120105408376671e-01
1.793482774860080342e+00,2.253976876331929280e-01
8.851133074909871556e-01,-1.826278540657609029e-01
1.946592532263244690e+00,-3.869680492020671769e-01
1.418951036772871044e+00,4.204735167770965454e-01
1.858038365173289463e+00,-3.332680192274449227e-01
1.539714302856709960e+00,-1.619543392959356676e-01
2.073157859244153300e+00,-1.506601360884128882e-01
1.740224313895574193e+00,1.843220142942493811e-01
1.410370559546529678e+00,1.247732658888162538e+00
1.340762863912807079e+00,-1.520660236466493676e-01
1.924356372455532593e+00,1.606539584908593110e-01
1.942176118910548865e+00,2.196720933249926289e-01
1.535855334374025105e+00,5.097435401887475542e-02
1.216075289589761521e+00,2.225797438091456915e-01
1.553457574109495365e+00,-1.728630142448757956e-01
1.089920319973968654e+00,-5.930274270185221797e-01
1.479715706893284466e+00,-5.421376702589255636e-01
1.026631014444846057e+00,5.169296109558444430e-01
1.287685931368555137e+00,-7.377124268989848632e-01
1.815607479138596769e+00,-2.775849338647784492e-01
1.252302379692149081e+00,3.644390587350575944e-02
1.647376534733068443e+00,-1.698912670994783547e-01
1.538542120913440669e+00,1.631608169777512274e-01
1.593463263168415578e+00,1.249258984034037900e-01
1.786534984271588744e+00,3.479523119976093426e-01
1.685450712525811134e+00,9.702743781208158277e-04
1.837223761340003758e+00,-2.202334447160012726e-02
1.959686438934769237e+00,4.821562584595294743e-01
1.921880371509023133e+00,-4.049850283282031005e-01
1.139247809595238969e+00,-2.604330242533321044e-02
1.697553963301929203e+00,1.624341930111169452e-01
1.521852659066968094e+00,-6.887675471835149610e-01
1.409767716271194349e+00,6.260304327496269972e-01
1.676378832846826539e+00,4.957723834952608433e-02
1.579174907238597658e+00,-7.060108257952013577e-01
1.431225744098762132e+00,-1.838661660067655301e-01
1.294705431632395154e+00,-3.742768622050917648e-01
1.400633359119068277e+00,3.647019185963678578e-01
1.591925112048957258e+00,9.652628877034045984e-02
1.868074320909042019e+00,2.972339349752026183e-01
2.159278312028978242e+00,3.265086417339282954e-01
1.729159390186748801e+00,6.907039272968601429e-02
1.615049993598545619e+00,3.249894222010084495e-03
1.237827523770142824e+00,-4.245211282043763190e-01
1.348952557913347450e+00,3.390579583842736472e-02
1.477504672058014723e+00,1.031051173505140445e-01
1.729541832531059864e+00,-1.219010293689396646e-01
1.605634513714295775e+00,-1.270547003968105874e-02
1.667445477364383866e+00,1.768791353953980683e-01
1.283827984349776852e+00,-2.324207004407871091e-01
1.214898869181537888e+00,-1.930064817626653828e-01
1.461961583279963284e+00,-2.020666256532550054e-01
1.715671465426255704e+00,3.019087605909834826e-01
2.285972859176050864e+00,-5.154967342540055508e-01
1.513664407608754203e+00,2.500713229831629247e-01
1.589299194625007239e+00,2.885452000834165531e-01
1.380309943293264396e+00,7.135424244418323014e-02
1.198858769178926975e+00,-1.096646815882810627e-01
1.663354834729264375e+00,-2.731461640785952660e-01
1.818324131937018695e+00,4.159828685804535242e-01
1.514699936154690008e+00,2.725791359811646775e-01
1.642824619455423907e+00,2.957112971711145510e-01
1.484442216156051098e+00,2.548243201097440402e-01
1.333011726839291811e+00,5.001993540508974101e-02
6.589745120978852677e-01,2.258068802434061786e-02
1.281039411958926788e+00,-7.061092660328276427e-01
1.112780679354309799e+00,-1.191320793624431468e-01
1.122635816182660617e+00,-4.358167243195656959e-01
1.681743394037174655e+00,-5.724052446437236791e-02
1.541912541867604292e+00,-3.889291634335947934e-01
1.270481032428284696e+00,1.986627067310418882e-01
1.944288685760838575e+00,-4.124835958774242251e-01
1.283908739178615255e+00,2.529287329231574843e-01
1.721920146286838538e+00,7.072365275240781457e-02
1.189714660420487569e+00,-2.433590137721570179e-01
1.233113590274250271e+00,1.932194168409556434e-01
1.315389019293468964e+00,6.374768416373501889e-01
1.277628934540693706e+00,-3.501090597069432264e-01
2.072174497460976372e+00,6.100147690256594313e-01
1.418120909237494676e+00,3.217099304171818774e-01
1.037492555114461368e+00,3.254662773191650538e-01
1.475146692665538328e+00,-6.336422094867667776e-02
1.337608443979477313e+00,6.129366825446620481e-01
1.745667601131041913e+00,3.724214315219558924e-01
1.257132095673034078e+00,-1.014893716921783651e-01
1.669163644003142100e+00,4.223372754165381493e-01
1.191223214197228097e+00,3.901972638246531400e-02
6.250371004105249595e-01,3.570002550429316468e-01
1.398897534808625442e+00,-8.579241079685755167e-02
1.937952462297314327e+00,-1.967361792377577412e-01
1.567914712710236635e+00,4.056155458779944212e-01
1.309707965098981131e+00,6.062708387591341230e-01
1.274806938476890306e+00,-4.004783045360694738e-01
1.706498748538610943e+00,-2.390172685606016811e-01
7.354822081435986592e-01,-1.847726955062360399e-01
1.635890737050136767e+00,3.003312684349909167e-01
1.469001124089919230e+00,1.045651725469575466e-01
1.619632076146465316e+00,-7.595081356953653495e-01
1.201026672182729405e+00,-7.035362448169248106e-02
8.843945395017530631e-01,-5.304437659195337940e-01
1.781293950007701632e+00,1.107687924997513562e-01
1.244502928535571762e+00,3.481468825151757263e-01
1.445740175319953691e+00,1.600428066139462230e-02
1.069770218505422088e+00,-2.669364044931488711e-01
1.322318522147435171e+00,-2.285530042906456227e-01
1.489462376915732023e+00,3.189472039073916743e-01
1.364379832611459342e+00,2.416041070768046584e-01
1.662074928091331838e+00,1.560274382635653823e-01
1.538887354333660751e+00,1.098863706644665067e-01
1.280334295590430438e+00,2.588158095337120268e-01
1.606570105493513978e+00,-4.797389723778135440e-01
1.628336277207910188e+00,2.789125525747074841e-01
1.459592756502651856e+00,2.846114978473036072e-01
6.971630653330285199e-01,-5.577568343617158586e-01
1.515021666537526457e+00,-1.814649716808533486e-01
1.643807785771882912e+00,5.146417101031777186e-01
1.803818600384139437e+00,7.713063757655265473e-02
1.239907366144745282e+00,-2.455830875567493465e-01
1.681025452616784710e+00,-5.242535663134960389e-02
8.544699617637891986e-01,7.758054256596634835e-01
1.123273010946948869e+00,-4.457243688246356229e-03
1.692851159267603656e+00,-1.951895238860595627e-01
1.379277396442452286e+00,8.691294195248663867e-02
1.869955617887305799e+00,-8.505841215938954314e-02
1.066712815065949060e+00,-2.382081607003759260e-01
1.718067794593644448e+00,-5.754890614502370522e-02
1.506528099447076441e+00,-4.560444387024627233e-02
1.861390055875371097e+00,2.800444455901078544e-02
8.729841259336648118e-01,4.305393757172841229e-01
1.309823420635546132e+00,-3.464557245490136883e-01
1.703870745098561956e+00,-4.901307104691742800e-01
2.067603074720217204e+00,2.554179041551616902e-01
1.787204439678726997e+00,4.294172264924125959e-02
2.106223950337343442e+00,5.154899000196290215e-01
1.658918237688365549e+00,-2.156708559113940382e-01
1.756990662234967360e+00,-3.374234075513924958e-01
1.257993418249076845e+00,-1.531883313336391272e-01
2.036349479451631694e+00,2.387216486061810305e-01
1.237519603469919183e+00,-8.511839801610572576e-02
1.493059096114865536e+00,1.872044970713022671e-01
1.232256394888294526e+00,1.397795957199785555e-01
1.591640003678123305e+00,2.171064262264980060e-01
2.452526814917391551e+00,-2.083752347916372968e-02
2.058905843442304207e+00,-2.701127700513811236e-01
1.456782709138264131e+00,-4.003150890524996841e-01
1.370190501969845709e+00,-2.964389823149805592e-01
1.186684103517442690e+00,-2.368755156477756751e-01
1.244551328661346545e+00,2.171586872444919714e-01
1.362289902976655087e+00,1.448573064237871841e-02
1.513813543971322062e+00,-5.421065503562657595e-01
1.746402385123019485e+00,-8.668054965489779828e-02
1.294783514540945868e+00,1.060566616408831209e+00
1.168884707469045381e+00,-1.232739352219750784e-01
1.158098360383243541e+00,3.039718944879558071e-01
1.391235398757804775e+00,-1.798974990018039899e-01
2.056854214724309404e+00,5.704831529723265460e-01
1.624308410523182866e+00,-5.924749418196669781e-01
2.343913029237024492e+00,-1.872647920946062805e-01
1.952816328294297854e+00,5.355927477831677608e-02
1.378398510686185130e+00,-3.076735412622872423e-01
1.619466489702650724e+00,-6.673320863952737769e-02
1.250854702147215169e+00,3.457122479715428187e-01
1.295712337483852172e+00,2.613886718918703722e-01
1.385561547087004186e+00,-2.477215954194392222e-01
1.339783141760533258e+00,4.514119793996564101e-02
1.140193557145895653e+00,1.453897656596629395e-01
1.608610370986171656e+00,6.122054655704418646e-01
1.726138605141441129e+00,2.770798575281387399e-01
1.747581055096232072e+00,-4.940657712492640963e-01
7.770865768884246405e-01,4.558173675290114746e-01
1.239420656215220129e+00,2.271618026064899792e-02
1.758398266003073473e+00,-1.362815495542111510e-01
1.171006262647600327e+00,-1.740669236780469434e-02
1.940284474463284115e+00,-7.545838782739346107e-02
1.520134907546605074e+00,1.878248457632340218e-01
1.804984028125929063e+00,-1.965726090465440001e-01
1.188185993888987380e+00,5.291459437042362879e-01
2.023445111303335153e+00,3.793204318104299172e-02
1.458302684114978209e+00,-3.756509868037912203e-01
1.461249195414558555e+00,1.354192722905977198e-01
1.739376987030077482e+00,-4.772372706419378274e-01
1.318445302534315022e+00,3.011127938033678619e-01
1.237901908857454769e+00,6.910532264515032441e-01
1.040747149568082897e+00,-4.553153131405791032e-01
1.988925105858673437e+00,-5.273388209740435123e-02
1.860068478823115878e+00,-7.170914281517303257e-01
1.736384024555783778e+00,-6.944688834235703823e-01
1.318556380483077994e+00,2.912518697697294434e-02
1.894632219265171891e+00,6.121671347866553675e-02
1.819505648162348610e+00,-1.080145808253491629e-01
1.809183659044264925e+00,-1.744860580910800041e-01
1.651537066900695461e+00,6.825342095469158488e-02
9.071304678934064558e-01,5.691537897732835694e-01
1.264203545522076144e+00,1.699140703484611770e-01
1.717124314820977604e+00,-5.155948351005712471e-01
1.606930563251818489e+00,4.611037273254643687e-02
1.770381126906952041e+00,8.128489893262436095e-01
1.031706117263260003e+00,-8.194816373144973853e-02
1.095626905892708614e+00,3.076684819865214138e-01
1.856044049334095947e+00,3.230719683971019964e-03
1.636964392726894868e+00,-2.011695120849482932e-01
1.213200288096260682e+00,-1.905957862533339819e-01
1.837906442866981127e+00,3.589415340387527298e-01
1.353577053302632338e+00,-9.889882216696820050e-02
1.744697133181781989e+00,-6.219466408790668144e-01
1.663753364365993193e+00,-2.210682908737576780e-01
1.083871961203728862e+00,-7.058789510396638878e-02
1.019331365233700382e+00,2.630228820317522254e-01
1.656610530179515983e+00,-9.755538730359131216e-02
1.445677448311504021e+00,2.579220176520031216e-01
1.653727185648897757e+00,5.165196582930621227e-01
1.141047031953473789e+00,-4.443825223076853376e-02
9.977160092516597079e-01,-1.290475853446539645e-01
1.333513161160954308e+00,-2.791742643553753456e-01
9.073405194289480002e-01,-2.376249361975292240e-01
1.682827958391397649e+00,5.586997398761026634e-01
1.586503592759065828e+00,2.389624232221108369e-01
1.697072274439428652e+00,-4.033496268438406251e-01
1.351269375977030451e+00,-2.743728877122889043e-01
1.895916461489187022e+00,4.448701139117247627e-01
4.530763896976062188e-01,-7.488135876604649077e-01
1.913531608219321001e+00,2.984464156775915589e-01
1.330093503004643463e+00,9.540524651666042188e-02
1.225693977320411632e+00,2.956550214240178942e-01
1.640359545381349760e+00,1.085714950920340077e-03
1.386516618588344851e+00,5.292413067650215686e-01
7.150374245893558189e-01,4.696146599362191476e-01
1.593220987301257274e+00,-3.473723106651945280e-01
1.798995527295814911e+00,-2.800652179417527088e-01
1.395673778284131306e+00,2.986001269627518440e-01
1.030271710939779428e+00,-9.851865159416714479e-02
1.620710124359064475e+00,-3.503955933164674685e-01
1.836169894500525812e+00,-6.273533255666622344e-01
1.614614852900794428e+00,-2.904078448150969050e-01
1.135049983354691427e+00,8.968164691918831255e-02
1.806236808554685158e+00,-3.268517241400185069e-01
1.586721541794009926e+00,2.169661489407763988e-01
1.263438921857458652e+00,5.206234977199112463e-02
1.844482362689958022e+00,-7.379281398474617226e-02
1.768732033794579550e+00,-2.929469237475059717e-01
1.142369351366875563e+00,-1.597771217917218212e-01
1.412042373757973479e+00,-4.502302220969383040e-01
1.893151625384495773e+00,1.164478457994906208e-01
1.524266336856866522e+00,6.825637333467478030e-01
1.480676539694152138e+00,6.430359489979533549e-01
1.942059830041902746e+00,-1.660725062249049366e-01
1.650655999299186050e+00,8.432985968101885943e-02
1.407490421670035019e+00,-1.597304664124297724e-01
1.372012031957251521e+00,2.863628123546987925e-01
1.119324303904361662e+00,4.452048605463438391e-01
1.640547668443836038e+00,1.638088645660606413e-01
1.622890359268445604e+00,-2.618104645139383013e-01
1.562123609347695563e+00,2.572680137843902370e-01
9.821297812504411473e-01,-3.575149636135536158e-01
1.389157869305806869e+00,-2.891176760927292588e-01
1.223602947848206224e+00,-1.153462894337095729e-01
1.858697116431283103e+00,4.792017904773788750e-01
1.376558586049215993e+00,2.860721990846881724e-01
1.615219626301787281e+00,-4.736307061004201291e-01
1.075225765232787456e+00,2.687931798318760057e-01
1.626769576623718239e+00,2.493257727116942601e-01
1.655249813935967707e+00,4.765427340251484623e-01
1.748274312452391843e+00,1.764621061238590971e-01
1.382912436293713299e+00,3.189504708809441369e-01
2.031958506713272605e+00,-8.015989161642641525e-01
1.395871044747809542e+00,-7.177972247495841840e-01
1.380833400034135794e+00,-1.260352487185229853e+00
1.098485950412960044e+00,8.003403614262219468e-02
1.680353559286628773e+00,3.478249193004695483e-02
1.141717497464102227e+00,-4.802287585156404526e-01
1.269864692167175235e+00,-9.916918729606287453e-02
1.735111500758818703e+00,-2.361487013487006681e-01
1.554785121107597590e+00,-6.346552206165061161e-02
8.999206982674414768e-01,-9.466426384514922687e-02
1.519006359727539612e+00,-9.594631224627227228e-02
1.529669694280676673e+00,-1.790617748899362704e-01
1.748302789946121649e+00,-8.757611919441163351e-02
1.965894222644674949e+00,6.091698125709197470e-02
1.801003571596254904e+00,2.380569059812565613e-01
1.465906666790022683e+00,-4.784131467331541598e-01
1.187735076080202568e+00,2.385043231616680581e-01
1.075447918300437511e+00,3.244784589251850648e-01
1.065462212265682274e+00,-2.629490970518294501e-01
1.551046556202927196e+00,-2.154711494928488735e-01
1.906906900255153303e+00,-9.846934501397907047e-01
1.725396793112878191e+00,-8.420841326278837302e-01
1.197879774053631108e+00,1.186075300723630904e-01
1.928060413640800164e+00,-2.517287655906233490e-01
1.730069737291475729e+00,-2.348313232041802749e-03
2.092981668612294843e+00,-4.056003709568264393e-01
2.045210666803833455e+00,8.866794030349060829e-02
2.096100275565047966e+00,3.585831619555557848e-01
2.043902725565910572e+00,2.102734211711547174e-01
1.791531373240013769e+00,-6.798366155167913094e-01
1.963194800279271846e+00,1.580666292384498919e-02
1.468557872823064381e+00,2.531187952906550631e-01
1.316508104040989169e+00,9.113771723275056191e-02
1.438940141123018046e+00,-4.427963070312099236e-01
1.540943755084231315e+00,9.389018363387621052e-03
1.068980739427553672e+00,4.146714594430824796e-01
1.454127110282630531e+00,7.098834564892687882e-02
1.594097410378079394e+00,-3.757169446110742439e-01
1.992804724101876257e+00,-4.575845164475122462e-01
1.314623861628585022e+00,-2.023399779532111808e-01
2.118448816029368409e+00,1.613429520167524167e-01
1.500108230453790936e+00,2.113892693333114525e-01
1.534948630380745582e+00,-3.298489667716064666e-01
8.636190416097638822e-01,-4.215208358722569715e-01
1.706946912749651712e+00,-4.091542951996369193e-01
1.474158567171492740e+00,-7.901605493510181419e-03
1.499770007194851429e+00,-2.681343652708911840e-02
1.748795381572245677e+00,-2.378683115239046686e-01
2.157739296099257409e+00,-5.947759906610002867e-01
1.230690181821469054e+00,5.030114114763971633e-01
8.449342980336316256e-01,4.836722459846636291e-01
2.191845759388807657e+00,3.520296860371002756e-01
1.415349554279197841e+00,-6.889890537896069533e-01
8.810501532543529857e-01,1.919230687475151909e-01
1.404182895835988765e+00,3.906053329511395833e-01
1.479996157413101088e+00,-6.749613408873474940e-01
1.537956766691072730e+00,-3.710951235508599400e-01
1.494448808004347429e+00,-1.991325888972423908e-01
1.656824778833178469e+00,-3.119951769354105675e-01
1.713195702320111868e+00,-9.616441921297758100e-02
9.104611212764989192e-01,-1.332495991834095894e-01
1.534838177170027462e+00,-2.680950208286916880e-01
6.819771434038940372e-01,2.556918154516778507e-01
1.058746004012067088e+00,-7.231173146509982663e-01
1.887179247561009410e+00,-3.869621504632152487e-01
1.244721378184891147e+00,-1.029472349783479151e-01
1.462499823633120144e+00,3.952428340482142671e-02
1.753573665123945524e+00,4.318011971304907548e-01
1.395694300205308602e+00,1.553575559404949680e-01
1.479534486544679339e+00,-2.198612835332353910e-01
2.019556482821280419e+00,-4.580379566655486401e-01
1.585338000914788159e+00,-1.949313353445428776e-01
1.273026984023559516e+00,6.533078757761243693e-01
-3.832261029799534091e-01,1.082371131477792625e+00
-4.279053550650127047e-01,1.834996989827912817e+00
1.318490191834775782e-02,1.187347381315831063e+00
-1.775623656650965110e+00,1.106775267756884951e+00
-1.599540712460981284e+00,1.178039927524044517e+00
-1.933234248305729652e-01,1.970454554213801668e+00
-7.723932733863965172e-01,1.755826335831231599e+00
-1.074270076416510067e+00,1.446413062048580223e+00
-1.137679037274244687e+00,1.218141109184797788e+00
-8.247866440595722493e-01,1.275622112786749085e+00
-8.594772589406105556e-01,7.656892018636993757e-01
-3.274665740358716493e-01,1.533194908226088948e+00
-7.222753119144380562e-01,1.503948391081433966e+00
-1.160224507692904528e+00,1.127380922947475828e+00
-1.094561622289552894e+00,1.173709430962281974e+00
-1.205068461460339746e+00,1.036271819789496895e+00
-1.354909638888191603e+00,1.404441434825170365e+00
-2.906975891184913618e-01,2.003663697072842975e+00
-1.632324187917506553e+00,1.317041024318910347e+00
-9.969297597754649409e-01,8.126442937917061071e-01
-3.078168942130826702e-01,1.590939060314167985e+00
-5.194632709642366120e-01,1.241680963495097156e+00
-5.979165959421823828e-01,6.045553731941460951e-01
-7.086384054756079687e-01,1.001194825470646865e+00
-9.597947691144477211e-01,9.419389315606985225e-01
-1.370062375052667480e-01,1.458718270468797318e+00
-6.089720225410382159e-01,1.030804596232604009e+00
2.865634818206497236e-02,1.024640304537971947e+00
-1.162036924143650118e+00,1.177866207650545505e+00
-1.170782344083764359e+00,1.720406483576383705e+00
-2.484784569451828906e-01,1.262622304853301847e+00
-7.065060309682466011e-01,1.406458147076674603e+00
-7.138588722384177077e-01,1.092822949053138704e+00
-8.130604842053276160e-01,7.634773932684149056e-01
-7.731114656817652531e-01,1.353012437660427114e+00
-7.029273560202753401e-01,1.653481360371904518e+00
-4.347599030556829058e-01,1.293078938046348547e+00
-8.282384636091266739e-01,1.461886711455756993e+00
-5.421043220964540943e-01,6.893064428118722553e-01
-1.074964545803735572e+00,6.231010890376200706e-01
-5.675240736999296320e-01,1.060550443074320004e+00
-1.382927413359994251e+00,1.001378828988417347e+00
-4.545136140505791067e-01,1.083233948049789452e+00
-6.033599565459849545e-01,1.170503897855176501e+00
-8.254875066449631760e-01,1.109708408818721459e+00
-7.779090452329797678e-01,1.519780910890801806e+00
-5.431593153264290263e-01,8.915359387589771867e-01
-1.061132987593133903e+00,4.687194442611110068e-01
-3.602583722039476855e-01,1.663685090566555225e+00
-6.933442895923074278e-01,1.100432953740837050e+00
-1.167611754137878322e+00,1.898367172994335661e+00
-8.736637990531309628e-01,1.324634361306467945e+00
-5.147737287468157064e-01,9.364389980919725076e-01
-7.380450218291295661e-01,1.300489934520922208e+00
-8.204945974429420641e-01,1.140349217900790135e+00
-3.820238101243045303e-02,1.004757065724347420e+00
-7.927340410737334642e-01,1.622465002699956749e+00
-1.575526668923564078e+00,1.405397719902108822e+00
-8.426071981411406009e-01,6.400301052903285548e-01
-8.518611437788656815e-01,9.845589707976406535e-01
-3.366617829480146873e-01,1.397331595707152374e+00
-6.937651645056353011e-01,1.313206397095084688e+00
-5.946535724791814914e-01,1.014873066295232551e+00
-9.859846721105405276e-01,1.120164411380738967e+00
-7.217518709637377183e-01,1.521109892738891745e+00
-1.066053219193990209e+00,1.095335547718913061e+00
-5.172759300998430732e-01,1.154147539633203268e+00
-1.009884394249143558e+00,1.240702228523368422e+00
-2.045051490215528123e-01,1.598542154030838436e+00
-1.122737880817271217e+00,4.402147894128376482e-01
-3.225945210390421813e-01,1.219962317835502352e+00
-1.155674428993195280e+00,7.502187688392952802e-01
-7.189057113177055314e-01,1.301343645999701870e+00
-6.227950310803640477e-01,6.727845483992903608e-01
-9.335635732606661907e-01,1.985212735548266938e+00
-1.085375206750047727e+00,9.357696701683453355e-01
-8.434651513097978226e-01,1.562896641315820512e+00
-7.848391873910277594e-01,1.176153672407711070e+00
-5.893190833629983194e-01,1.088162410266178437e+00
-5.522336190236749598e-01,1.479767175597578310e+00
-1.105582103598959254e+00,8.441141300707728501e-01
-1.314510813111593457e+00,1.367736068756437717e+00
-5.380681270664464666e-01,1.106782039621643010e+00
-9.116488238498745567e-01,1.609320686552051960e+00
-1.023798900035806980e+00,2.004535975928006586e+00
-1.095093857997334386e+00,1.081953297588265750e+00
-1.679787586660684173e+00,1.147500808914205139e+00
-1.136341553020326689e+00,1.689449705536190116e+00
-6.846519832488671131e-01,1.835412420125307253e+00
-8.079637468347261597e-01,1.486281908065307800e+00
-9.302940854228851641e-01,1.037894856035742608e+00
-8.850883116848997645e-01,1.641854735966207457e+00
-7.151886477999279679e-01,9.998569774501570029e-01
-8.936921105970616619e-01,1.169550064775156217e+00
-5.590129789269807636e-01,9.824034174958889976e-01
-6.401613396549447055e-01,1.324591126752129533e+00
-9.113889002483708257e-01,1.575158696488529575e+00
-7.617701743967365546e-01,1.016654572467633688e+00
-6.381964233097473516e-01,1.412530488113832305e+00
-7.237150052801094580e-01,1.061693498066704322e+00
-8.322301930663901226e-01,1.041291848295048394e+00
-6.724535974976002528e-01,1.881976536645977749e+00
-1.034689671130172517e+00,1.496843041160911714e+00
-7.042278753955143467e-01,1.675044966380406564e+00
-1.007398054602576032e+00,1.645423577902084933e+00
-7.639249028717924883e-01,1.776918528423468535e+00
-1.046705672315494606e+00,1.236654733753560720e+00
-4.210865999119651204e-01,7.216040817584556955e-01
-4.804354391554848669e-01,1.605147272292951177e+00
-8.061168989804951002e-01,1.234366363404905131e+00
-8.956104041867687382e-01,1.086043959840208739e+00
-9.532279941194929940e-01,8.945365188353694430e-01
-2.850236726664442943e-01,1.319731823320099640e+00
-9.669365016538888913e-01,1.512199063764824825e+00
-5.094708468574904447e-02,1.548114847981994391e+00
-4.454086784781329245e-01,1.270979741292081133e+00
-5.518743068625533432e-01,9.125289972662280480e-01
-4.225088230918264687e-01,1.127938715152183136e+00
-1.161604023274945385e+00,1.863323965612415201e+00
-1.184889415087747810e+00,1.441429480952235886e+00
-3.000164249766165692e-01,1.425935793271777996e+00
-6.016221673412783799e-01,7.917766580924284758e-01
-1.035899735792249032e+00,1.155958706681938786e+00
-7.434069500661456553e-01,1.509567043930058583e+00
-2.894255020456569238e-01,1.640232049058182318e+00
-1.137695708019471397e+00,1.772422511415933322e+00
-5.753692567709752792e-01,1.599778894360047277e+00
-1.213922226792773396e+00,1.293630245034933957e+00
-1.091750596296631404e+00,4.379763775465118636e-01
-2.836527795532365892e-01,1.323652102541310382e+00
-1.263572116506371579e+00,1.309613863017048629e+00
-9.761943251205331684e-01,1.001947457010005760e+00
-9.552862852232621993e-01,1.395275091910659793e+00
-8.558983797540368199e-01,1.507695061141333337e+00
-6.710382439900413054e-01,1.199092286630850879e+00
-6.600336053169321149e-01,1.204894942802937630e+00
-9.514870868171351193e-01,1.429152607091800142e+00
-5.490287954956605265e-01,1.224108693897034694e+00
-8.213990147065157732e-01,1.484204731561991952e+00
-8.319087560611264642e-01,1.224649773820023935e+00
-1.817484005720346740e-01,1.324900113765318910e+00
-9.654263417397400682e-01,9.786651835687292245e-01
-4.672198183861910881e-01,1.362364415303092269e+00
-7.581637016955553587e-01,9.442828714654769584e-01
-9.545422878079036222e-01,7.315864180984106291e-01
-6.337972688279064348e-01,1.412961703286958137e+00
-6.031472550152661150e-01,1.414821116355147401e+00
-8.089732571885841494e-01,1.092252047701451234e+00
-8.274866305408212774e-01,9.560255466040483707e-01
-8.933636842641120568e-01,1.313940293006430560e+00
-1.254704471744595429e+00,1.480533494747567014e+00
-4.423003590045477829e-01,1.466404785903815844e+00
-5.182670335587266086e-01,9.701298895187289162e-01
-1.202657064093761718e-01,1.297747182413033107e+00
-9.049079210378180305e-01,1.560972498639315864e+00
-1.001789413447009780e+00,7.338687378838936182e-01
-4.152139876244425043e-01,1.281864659061305867e+00
-9.784417593647161127e-01,1.313469185075854417e+00
-6.170477775747973403e-03,1.451338867164890578e+00
-8.753002795018633986e-01,1.521399111061617182e+00
-7.286379827111296725e-01,1.444102382293052322e+00
-5.303927288342574764e-01,1.259460643897119425e+00
-1.251485815181174965e+00,1.214156649517642128e+00
-6.176656876586018585e-01,1.393661117246509429e+00
-1.094383947511549993e+00,1.512197226326235322e+00
-6.460800176083085766e-01,9.209728592257043767e-01
-9.706989861832565625e-01,1.851465065883664440e+00
-5.387293296131303588e-01,1.664345587469339138e+00
-8.643141585278025785e-01,1.167024217311283252e+00
-7.963397852707524427e-01,1.219523844342083274e+00
-1.100046233930918715e+00,1.145308107619277260e+00
-1.528240771350370508e+00,7.579445444957432221e-01
-1.148900553453948259e+00,1.536706773123125647e+00
-8.784563188606475670e-01,1.112177270633657233e+00
-8.747060877534026391e-01,2.001862022777832539e+00
-1.062574470204335153e+00,1.281743600093596669e+00
-5.505139773883770404e-01,6.772807252060113470e-01
-4.831382567059072097e-01,8.849818832221627574e-01
-8.597337121457626630e-02,1.457498708904576556e+00
-6.989823357019462335e-01,1.480324647293491447e+00
-9.402742885534143280e-02,1.192777540748642284e+00
-8.608182581052064020e-01,1.143742116966871558e+00
-7.494858813875148185e-01,2.506577285255369159e-01
-1.174724729566134052e+00,1.456133911155567340e+00
-1.554332570706828953e-01,1.325385087393147199e+00
-9.339629057158024272e-01,1.079231644711404314e+00
-3.468086823378419559e-01,1.374778420238231380e+00
-1.465790073879980060e+00,5.739692857693907690e-01
-4.991012866683044447e-01,2.133257161470206942e+00
-1.328511358147685506e+00,4.605026499879555368e-01
-7.287204590080129663e-01,1.432440282376781227e+00
-9.350616632589024979e-01,1.171750398004920646e+00
-1.258683844492452852e+00,1.385900163490932924e+00
-4.514199092176659489e-01,8.422308984840440882e-01
-1.220296880701423170e+00,1.284560258044412651e+00
-3.027185349785769253e-01,9.871324407145695146e-01
-8.383641748450245679e-01,9.173711049860041600e-01
-7.727382293845869166e-01,1.267086223566768588e+00
-1.258877108554725233e+00,1.534730205482198517e+00
2.451189627812768723e-01,1.922755004248628774e+00
-6.270476223751539901e-01,1.459622994414766506e+00
-1.019951851060844294e+00,1.097354389617830606e+00
-8.187267088596461573e-01,9.885345984858067148e-01
-6.275752583447147259e-03,5.325216605867915121e-01
-5.647128169195476666e-01,1.734797418778503575e+00
-7.767247842413060877e-01,1.723539832259580074e+00
-7.158175864502011043e-01,1.580410929286188981e+00
-7.402379704199053556e-01,1.282741095451793711e+00
-7.536065990066866949e-01,1.453400228946624129e+00
-9.243975073427794786e-01,8.025868285384156753e-01
-9.762422497516327624e-01,1.515351308831718091e+00
-4.454908553850007724e-01,1.707564177226490232e+00
-1.155662114196660095e+00,1.240424629854873562e+00
-9.134792928123540712e-01,1.533756439560828522e+00
-7.005672370535050986e-01,8.522429587877680124e-01
-9.423402690012046001e-01,1.716876253980843980e+00
-8.190617162343682978e-01,1.052641516078869133e+00
-1.005547058013463557e+00,8.035888599340504923e-01
-2.074795081427337484e-01,1.258690424702369359e+00
-8.112966537897080554e-01,1.254750631223544133e+00
-1.343708277149213703e+00,8.886198326371199663e-01
-1.281451453547368668e+00,1.086090061578084187e+00
-1.179588436890348202e+00,1.473968306406041151e+00
-1.244537686524012310e+00,8.296831534150671539e-01
-9.319132273915200493e-01,1.185066316087917127e+00
-5.016815384367053765e-01,1.343225600655875374e+00
-1.161114768549154075e-01,1.073037506207303871e+00
-3.920474311559158376e-01,1.123938290932810835e+00
-7.757810908434017438e-01,1.150391358469558201e+00
-5.977510694121371815e-01,1.120168467727591599e+00
-3.140709513008805853e-01,6.535603008588162233e-01
-9.476506670736780658e-01,9.366397216973818551e-01
-1.029265296742608804e+00,1.278241346732863271e+00
-1.061915002701540711e+00,8.938727680226232764e-01
-8.774196306130777057e-01,1.404234472023135671e+00
-8.729374038397743618e-01,1.719020654899705569e+00
-1.540656179854645869e-01,1.380186510044156822e+00
-9.750370398231025248e-01,1.211782922830279441e+00
-1.540418225532502516e+00,1.917238243638778927e+00
-1.090071434046998133e+00,1.987426244495493988e+00
-5.544369671031927904e-01,1.359379765090936720e+00
-7.419853212397841125e-01,1.203026584253173548e+00
-7.699803489593078920e-01,1.736575226721982057e+00
-1.230822128970321838e+00,1.812220934640129011e+00
-1.220313528572342099e-01,7.069506855231458831e-01
-5.777534884867518983e-01,5.916937494898474315e-01
-6.124525992228648796e-01,1.498043716599266828e+00
-4.001344813943221168e-01,1.085805527231636258e+00
-3.601374898130777491e-01,5.073392286106858107e-01
-6.329546409341949564e-01,1.671741968413686275e+00
-7.392997559519757234e-01,1.525076944070528073e+00
-6.981165853249184927e-01,2.008972931484241720e+00
-1.009036913724967732e+00,8.735135916721690208e-01
-9.633183349016949393e-01,1.071539729571681088e+00
-7.097217334536689570e-01,1.083928853424373173e+00
-1.298015214979092447e-01,1.962774424834178078e+00
-1.289602814977750089e+00,9.050097129444055755e-01
-6.961450639290728271e-01,1.373769442685008224e+00
-7.633603614111150737e-01,1.359318165314977067e+00
-1.202710818103380541e+00,1.765900336607430177e+00
-4.535297812114985061e-01,1.285086920138810873e+00
-7.756195727694749076e-01,1.904432977235586577e+00
-1.076856376885367172e+00,1.888491343574279391e+00
-1.750751109165359365e-01,1.389182563565148687e+00
-5.726943468537100124e-01,1.095052160151123832e+00
-1.053541163016536331e+00,1.230430949313990885e+00
-1.243895059942602632e+00,1.116095332784041272e+00
-6.819598941617770471e-01,9.756716628661770141e-01
-9.812941251817147714e-01,7.691016507111373413e-01
-4.791628836849737838e-01,6.332349423882562833e-01
-3.188167813661757499e-01,1.150028894517913125e+00
-7.631316553924439861e-01,1.562442469597672190e+00
-5.025037152211953018e-01,1.273584515537184769e+00
-8.475491147060650876e-01,1.490530440877241514e+00
-6.839370590110801507e-01,1.163055643030286967e+00
-7.901967543217821577e-01,7.536598390830594463e-01
-5.091104459914113090e-01,1.748229257178772311e+00
-7.251335627556610985e-01,1.231608475018739268e+00
-1.047820456667535982e+00,1.371156576658194348e+00
-8.786454337891980160e-02,1.842826992341320080e+00
-1.107886161012122894e+00,1.030645609370429705e+00
-6.000180254281513026e-01,1.961125116237583565e+00
-1.412574478099165365e+00,8.393682743014310166e-01
-9.579034008764797381e-02,7.720716628154807859e-01
-7.248561005574102323e-01,5.748090231027072061e-01
-2.376978077586646698e-01,1.342812629161680427e+00
-6.344328905869576207e-01,1.143473400215099245e+00
-1.114552149303899675e+00,1.208127466148671836e+00
8.045691438301039167e-02,7.600089833404078954e-01
-3.636374546593622581e-01,1.383985989661079552e+00
-8.574551846731509608e-01,1.325559084941503318e+00
-9.195622564361857210e-01,8.020234435967482645e-01
-7.760156216731122214e-01,1.485451069042125871e+00
-3.291231815724404708e-02,1.226416134418630399e+00
-4.747378989649173597e-01,1.145521989524156403e+00
-1.005520218593743076e+00,1.747908502455082891e+00
-5.363081718190065850e-01,3.080161171409148135e-01
-1.458586248548779940e-01,2.276211390269966994e+00
-1.089709939383892490e+00,1.294521893483358888e+00
-1.913301642436530114e-01,1.051378480873752741e+00
-8.096689768467977277e-01,8.317617968739812184e-01
-1.293171855896698252e+00,1.420840067676695462e+00
-4.601095305576743399e-01,2.014993562443549102e+00
-7.319412771886283364e-01,1.674600509982243413e+00
-7.387833446993352648e-01,1.911809881317314774e+00
-1.257955380791488054e+00,1.512841920358353631e+00
-1.172977832700068390e+00,1.553154671173146983e+00
-1.169569979677581584e-01,1.296373493001134136e+00
-1.363345148900989567e-01,1.426492360859971997e+00
-4.286210037771563397e-01,1.425812744467593651e+00
-7.933109237345953302e-01,9.831662969185444023e-01
-6.599310993308182827e-01,1.769115508078625387e+00
-6.886116590242810087e-01,1.497522465789464352e+00
-7.580325311400197830e-01,1.634154847930048504e+00
-9.439698032411805162e-01,9.926030904519705933e-01
-1.688350880191543002e+00,9.646700383077787544e-01
-8.946499322038343749e-01,1.001175539122457714e+00
-1.166882799706307372e+00,1.740050827387655819e+00
-9.630121303242256126e-01,1.535141624660318671e+00
-1.149183782468325532e+00,1.423670255620617553e+00
-9.880018852298455556e-02,1.193703922837111353e+00
-3.642905970462305132e-01,1.006780634403640740e+00
-3.189255645927486227e-01,1.771363288449965490e+00
-9.484063234649323659e-01,1.483891312981880262e+00
-6.867847987526831677e-02,1.327572061721384866e+00
-4.376165248835033328e-01,1.121682525810323572e+00
-6.269687765686728920e-01,2.061204433231904609e+00
-8.691438291393694948e-01,1.130707092854316365e+00
-2.568232068749984887e-01,6.631503344595427452e-01
-3.458207087369836730e-01,1.653787371119757266e+00
-1.020848487744891120e+00,7.663217914786516483e-01
-5.519854646011490562e-01,1.790216679441118952e+00
-8.110894907168364476e-01,9.658280460572712389e-01
-3.790998734169189199e-01,1.420958911841349703e+00
-9.837343569927142761e-01,1.084205577678953425e+00
-7.378150019307275764e-01,1.412893835325495617e+00
-6.279564926831224803e-01,1.236678130558113153e+00
-4.796492176861855694e-01,1.029648946533900489e+00
-1.495863542044788108e+00,8.523490366310204625e-01
-1.198827859332174839e+00,1.682309630377316179e+00
-8.286611638952247061e-01,1.404974831778384781e+00
-3.625012114444347566e-01,1.460754514054640962e+00
-8.397989524628113323e-03,1.673878247642270889e+00
-1.076570181885027067e-01,6.029583909695788169e-01
3.444004634466318882e-01,1.391822515335730204e+00
-7.961971933652726152e-01,1.230523791755284480e+00
-1.300394460021050413e+00,1.403446816105952344e+00
-4.479466193141390384e-02,1.071163231957462658e+00
-9.489216513031240030e-01,1.349286140615563623e+00
-1.080739186349283454e+00,1.432823412968193599e+00
-1.014396587651585246e+00,8.740973190511336366e-01
-6.213809532873627584e-01,1.114084443426080595e+00
-7.093952595623198576e-01,9.603554864676138170e-01
-9.271370918330444910e-01,6.735459700890608081e-01
-5.900460684125512500e-01,1.728856923931307854e+00
-3.860961490332368573e-01,9.213526373152305382e-01
-1.023454511455854643e+00,1.043589328419362694e+00
-9.334250717753744819e-01,7.620907447729443618e-01
-5.825336884990396369e-01,1.244013438164840668e+00
-1.175568505899019733e+00,1.618297528651971184e+00
-1.198411393924218249e+00,8.061043165171583036e-01
-5.716784038912890997e-01,1.134628913188445054e+00
-5.935246849400923619e-01,1.224422358690876012e+00
-7.257770339950647687e-01,2.243940642991226753e+00
-6.562776285422432521e-01,9.423239049395959466e-01
-3.232575815638475403e-01,1.390561978137351939e+00
-6.345678455999625989e-01,1.994190251082742726e+00
-2.756447956758825701e-01,1.159102891432802096e+00
-6.635649035970678788e-01,5.678071246789943016e-01
-5.536190850722395584e-01,1.493380312452046166e+00
1.719931122016647995e-01,1.500850401971952408e+00
-8.603441221142240636e-01,1.682250836219248757e+00
-4.584844793608946478e-01,1.560897814258751737e+00
-1.490056700178958859e-01,1.057613444037452499e+00
-3.314401944245043974e-01,1.065884982776144074e+00
-8.229221008061899933e-01,1.442120004567435387e+00
-5.760603777789475854e-01,8.761377861705261783e-01
-5.580413369759699149e-01,1.023637735658367021e+00
-4.141223969290547813e-01,1.410851683389286793e+00
-2.982767261769750378e-01,1.707523431204904574e+00
-1.380426122845734849e+00,1.209177283031494632e+00
-1.004924992884521640e+00,1.316922338210541277e+00
9.523170724323537506e-02,1.739567426857558052e+00
-6.109315516216011765e-01,1.106782315435153485e+00
-6.782943167999891942e-01,6.731119804393854711e-01
-1.221265340641957575e+00,1.207707183451129485e+00
-8.583158872999477884e-01,1.320044158392733813e+00
-7.109613374710079814e-01,1.525138088928776225e+00
-7.833077119508468078e-01,1.334831199809831892e+00
-1.219028651171744526e+00,8.963577397386777168e-01
-2.746385827107509781e-01,1.266567290379742028e+00
-7.927355664260934409e-01,1.472238681079857336e+00
-5.311679191203085848e-01,1.378904362945432949e+00
-1.280431899843249344e+00,9.658935718560059946e-01
4.259731584001158478e-02,1.316096640811323937e+00
-4.328644225222212927e-01,8.747599447080822710e-01
-7.192761989349154561e-01,1.537987025052089507e+00
-7.060117438681688951e-01,1.212755461622690101e+00
-1.084897697259198379e+00,1.034691849142463482e+00
-1.294339301097743755e+00,1.203361325535480031e+00
-6.135644853879320682e-01,1.358936957905339860e+00
-1.125530314962625678e+00,1.417583765578110722e+00
-1.509321600165280497e+00,1.460814550690622493e+00
-3.231923480167100959e-01,1.422779245360449085e+00
-6.785405431415012512e-01,1.098369577450582391e+00
-1.118290595206864690e+00,1.638477909629411977e+00
-6.827925752704675499e-01,1.009343077394661226e+00
-6.853123498199679142e-01,1.396796549215703287e+00
-9.763512534846273683e-01,9.917929581523833305e-01
-7.841602990133085260e-01,1.130742472981170144e+00
-8.645039064630584136e-01,1.567207096123008681e+00
-3.799595988343103525e-01,3.359840909478737370e-01
-8.958633025991140642e-01,4.432263762041881439e-01
-2.577077318243273241e-01,1.968952065479829372e+00
-1.169288116145359879e+00,1.122704298618182772e+00
-8.822880143333712288e-01,7.519644623695064256e-01
-7.199459571998090279e-01,1.418262135788953326e+00
-8.062985489721845589e-01,1.131054331746363939e+00
-2.876187908548957783e-01,1.048594114783961917e+00
-1.028719538498283903e+00,1.511047391610631507e+00
-8.720393012908310704e-01,8.790889118448133033e-01
-1.086779392884775985e+00,1.093370119235142157e+00
-5.540014251880691631e-01,8.864434787118953274e-01
-3.358626990489788633e-01,1.403408815154563172e+00
-6.340667815050611278e-01,1.190118777989639165e+00
-1.081456167292408121e+00,8.328791421000429906e-01
-6.743478767105944849e-01,7.665381665435978542e-01
-5.243686689692590441e-01,1.317905029171743347e+00
-7.112662497384438787e-01,1.267110062248866242e+00
-7.449996525748595610e-01,1.401555081030791294e+00
-8.248115778636091466e-01,1.356545342255237374e+00
2.362131718604945085e-01,9.495529040974778345e-01
-1.123966526871723604e+00,1.914865733325404662e+00
-7.079773572308837304e-01,1.269242649744893425e+00
-5.895155679385313263e-01,1.126204474019918411e+00
-9.217178939220892486e-01,1.454944123163815384e+00
-8.948965821510939112e-01,1.364205904464939278e+00
-9.921612512631321490e-01,1.016477031234150452e+00
-3.322274969171519210e-01,1.159928444503975475e+00
-6.090527639230962631e-01,7.620780704184012544e-01
-8.233179016836588149e-01,1.029481348577952815e+00
-1.230934298148060435e+00,1.620224691591735100e+00
-8.435914783199127687e-02,7.092403262554612953e-01
-1.325285524755750011e+00,9.268055970324522441e-01
-1.241065374744213745e+00,9.906952129390360628e-01
-3.578089866204816061e-01,1.968306919786983800e+00
-3.938989808248193891e-01,1.309140571231786732e+00
-6.971278116753540921e-01,1.151659363148100468e+00
-4.632976049409808228e-01,7.653943848438403696e-01
-9.118900407625389892e-01,1.214607815578640837e+00
-8.113885052706337753e-01,1.016806817933052276e+00
-8.915737831192274143e-01,1.636168928470609130e+00
-6.425698668046071482e-01,1.376070096423149591e+00
-1.161863422209138186e+00,2.075440832258703683e-01
-5.289520258495092886e-01,1.407147937588358877e+00
-1.139638700735732257e+00,1.081345375766272099e+00
-7.933773740969419785e-01,1.561519793890359109e+00
-9.301149825368666413e-01,8.057257660016259315e-01
-1.030644438134491914e+00,1.532218281983286357e+00
-8.076021073412003037e-01,1.329497435490533119e+00
-6.264406265417158393e-01,1.024879844798823214e+00
-6.463171820295313674e-01,1.281606175678550175e+00
-4.046626970735849316e-01,1.319162152182064895e+00
-1.234130567350317342e+00,1.624319945706513391e+00
-9.975071965867563506e-01,1.953655631315344809e+00
-9.107246762419455299e-01,7.159067899980353644e-01
-5.697400747144051314e-01,1.860774655254266996e+00
-6.919935436338027213e-01,1.147399189759691573e+00
-4.901795396814285222e-01,1.145788226752997296e+00
-1.244446529856175765e-01,9.349545881497220989e-01
-7.849483323139140323e-01,1.080719863118689616e+00
-4.198045978621433583e-01,8.950452543411757667e-01
-1.161542149818241665e+00,1.316095706667921750e+00
-7.503421087261297195e-01,8.935661356392028409e-01
-1.024472781500847862e+00,1.325775197477309986e+00
-6.935674301207477299e-01,1.713707450536190890e+00
-9.110775950461060813e-01,1.302689977172356794e+00
-3.302717782376380917e-01,1.192740145827929421e+00
-6.269004987745967483e-01,2.063405172000294385e+00
-3.620754457442311725e-01,1.319935056363674475e+00
-5.000181036548738689e-01,1.897750602826955735e+00
-6.975015079547840502e-01,1.030621780734872761e+00
-6.062045621198730583e-01,8.119216617826918725e-01
-7.292526350944196212e-01,1.335858481847370438e+00
-1.278049191592264489e+00,1.094280027120798859e+00
-2.330854850048028615e-01,1.435992818190022779e+00
-8.991343886366874871e-01,9.121460862000089209e-01
-8.588511533548437438e-02,1.142967809631050047e+00
-4.130355857497639560e-01,1.324387719305041289e+00
-6.012244807767235244e-01,1.402207413915258272e+00
-7.530827064888712119e-01,1.307028065841544739e+00
-9.807713758002259974e-01,5.607787161607327153e-01
-6.182927049373110329e-02,1.563537785321876372e+00
-4.937482439594690908e-01,1.011094068409952307e+00
-5.402640256834757571e-01,1.714862377691078743e+00
-7.631458852694070760e-01,5.390020188455826311e-01
-4.985945507101243179e-01,1.889998999640875255e+00
-5.622563049055906426e-01,1.463754482481090857e+00
-8.808096023974014699e-01,9.106934815458751498e-01
-7.783365027348153609e-01,1.237942026532064865e+00
-7.264873523603210259e-01,-7.439753152137154046e-01
-1.228517006087002983e+00,-1.538965555010868735e+00
-4.859111977122964054e-01,-1.847930832664523404e+00
-1.458531401478333933e+00,-1.534980276832380808e+00
-5.846142755920995526e-01,-1.099931009144870631e+00
-4.934114604154300476e-01,-1.373702342422848499e+00
-9.044581040097486868e-01,-6.706201046324810067e-01
-6.467455158337687138e-01,-1.769571343904073224e+00
-1.072127520770749021e+00,-1.521793474989395989e+00
-1.627084260508756763e+00,-1.550067000458839939e+00
-1.091971753358711883e+00,-1.787743980430764434e+00
-7.579458171462314375e-01,-1.004287596568599339e+00
-1.066914107844740833e+00,-1.543053879508086368e+00
-5.731147664527169727e-01,-1.225355843262216249e+00
-5.718376250941386019e-01,-1.042068054312254022e+00
-7.740060363768513918e-01,-1.030733096166449592e+00
-9.316674629108908645e-01,-1.165016255112095722e+00
-3.402707483957282952e-01,-1.903119110657474966e+00
-1.951532109347196009e-01,-1.366939878286331123e+00
-4.291167117159274680e-01,-2.005779761541504502e+00
-6.848783328359852041e-01,-1.332342489924914108e+00
-8.984282308216910984e-01,-1.534812980277799221e+00
-1.023528425467398639e+00,-1.618280844797454154e+00
-4.963866971875071643e-01,-9.515927434126212336e-01
-1.450269417690458695e+00,-1.213589821625783882e+00
-6.422731689361141916e-01,-1.624262889481190131e+00
-8.452950762877541324e-01,-1.274746733992112580e+00
-6.988339046106873953e-01,-2.085293585435976205e+00
-5.315346011389198155e-01,-1.588707115990997121e+00
-1.025399448112325196e+00,-1.020500306937797141e+00
-9.334464173973330281e-01,-1.819519480680196200e+00
-6.104170549054703798e-01,-1.243765612274832622e+00
-3.750371609983931265e-01,-1.053258086054662090e+00
-8.647588097907586979e-01,-1.405036509320856553e+00
-5.501133531961683865e-01,-1.161102540907894332e+00
-2.989484232941367337e-01,-1.666825543693801981e+00
-9.548090947677649876e-01,-1.901814573171524803e+00
-1.132035581366077626e+00,-1.606605157964233310e+00
-7.191309528075098267e-01,-2.208426133719034290e+00
-7.271262620547845890e-01,-1.155911833230413244e+00
-2.841639555065467726e-01,-1.138667881357891654e+00
-6.732328991982861055e-01,-1.443109929566623872e+00
-6.506929509356692565e-01,-1.435570072533777441e+00
-9.552382770905818443e-01,-4.686605791087191664e-01
-1.331668653543948144e+00,-1.331886053197261388e+00
-5.894972937840589067e-01,-8.007676036075961346e-01
-8.163819968519144821e-01,-2.133950022567274729e+00
-5.643669209696274836e-01,-1.023283592005806764e+00
-1.014732685931511558e+00,-1.730505807566412591e+00
-4.679263967374889810e-01,-5.694692757363546409e-01
-8.193466230617587609e-01,-1.362875975682561691e+00
-2.148138302933114696e-01,-1.173169627281425376e+00
-8.003686473289632897e-01,-1.237059976095628011e+00
-5.362787441364660346e-01,-3.033057558339194992e-01
-6.649287329371006416e-01,-1.318047865342979019e+00
-5.064319895336066857e-03,-1.247350207600584904e+00
-7.151907321032316966e-01,-8.556720613172577039e-01
-7.921309177494312292e-01,-1.695550475584949979e+00
-9.239773124825836348e-01,-1.312849168622897800e+00
-7.387098235384225164e-01,-5.819360919276420629e-01
-4.972310765780381669e-01,-1.325974093534674880e+00
-1.007894807331112474e+00,-1.391064739878629553e+00
-5.945883215835033875e-01,-9.634105834090285203e-01
-9.719571065075538474e-01,-1.039245062762956140e+00
-6.165278969486674976e-01,-1.124231447481087498e+00
-9.308731139433616963e-01,-1.463903684206072864e+00
-5.355582767040831804e-01,-1.620592499626814398e+00
-8.778666506450155671e-01,-1.395525346592926486e+00
-5.701738480748645976e-01,-1.466327465438855171e+00
-1.260404251743233228e+00,-3.820035846705922555e-01
-1.006091662333054026e+00,-8.329831191038856719e-01
-6.531365952930525687e-01,-6.255143490268255668e-01
-1.027758220222079188e+00,-2.094075158759336475e+00
-6.430048781501278565e-01,-1.361556245596487802e+00
-6.546301822341212828e-01,-5.614775364564941196e-01
-8.284749300529147265e-01,-9.567192265780284366e-01
-9.349869151000149703e-01,-6.875784504716152545e-01
-1.592683198757954832e-01,-1.959702721726596319e+00
-8.230147003736740796e-01,-1.501025294739865679e+00
-9.456831053594794145e-01,-5.477687514355996656e-01
-1.403844097619046938e+00,-8.493312293830459492e-01
-9.893871125368535191e-01,-1.232636394499500909e+00
-1.199084409753548908e+00,-9.325246187569242728e-01
-1.039697692153383812e+00,-1.229745518857594533e+00
-5.055566028329394612e-01,-1.720257204883675506e+00
-8.215229588313559539e-01,-1.586926493710286046e+00
-1.006179323767365519e+00,-1.280726377203917021e+00
-9.764029875371530443e-01,-1.566540235234273881e+00
-8.420482936113340422e-01,-1.509587901696080703e+00
-3.492445331838742173e-01,-1.624923345199704716e+00
-9.019864268300104015e-01,-1.740107486417303839e-01
-1.470815072220136965e+00,-1.208764238577809902e+00
-5.716640018489826947e-01,-1.262572979845200338e+00
-4.464058784633372912e-01,-1.606135784318484028e+00
-2.021411063318645507e-01,-1.367318074416235651e+00
-9.399355937029868491e-01,-9.053410436959095087e-01
-6.962465164262081618e-01,-1.089355540501985908e+00
-2.806356260636406752e-01,-1.381729510088563151e+00
-1.176985668083675662e+00,-1.242604925063256482e+00
-7.247719249384406703e-01,-1.413169381700991600e+00
-5.348330787950010823e-01,-8.482070059445894206e-01
-8.948956255810175398e-01,-1.575518475434523502e+00
-9.082981170941856197e-01,-8.086284330541370080e-01
-5.603530344701057597e-01,-1.590110005735611676e+00
-3.801575846258994362e-01,-1.730388965092704456e+00
-5.133787252512607147e-01,-1.326301370984167116e+00
-1.082505435795295679e+00,-1.515337180042227283e+00
-1.032541404493434456e+00,-1.139073009645844792e+00
-6.675159746031164021e-01,-1.034424061405875506e+00
-4.077766578675612874e-01,-1.714182647041974317e+00
-1.430330078495870127e+00,-1.429165966812660837e+00
-2.830938341468706709e-01,-1.577101864656717201e+00
-8.889807176150924528e-01,-1.707068967519300040e+00
-1.227766560888733371e+00,-1.261982753310108007e+00
-6.018426824662795882e-01,-1.678086107398083060e+00
-2.197549537116131324e-01,-1.434534659032177473e+00
-1.439897288736617265e+00,-1.836385403578261855e+00
-1.298585239288486681e-01,-1.255692785401760547e+00
-1.015256042661613511e+00,-1.966171235562427455e+00
-1.075243810676898226e+00,-7.889304635389987608e-01
-6.480754694556738471e-01,-1.080113956454191504e+00
-4.058965898495264235e-01,-1.668163247129307747e+00
-6.008988639616513749e-01,-1.179508247615551397e+00
-6.472094247030610870e-01,-1.200882259938830021e+00
-6.094796887839514232e-01,-1.325626560775824636e+00
-1.010326661591288033e+00,-1.553657372540452331e+00
-3.487341318971153847e-01,-6.940981698106656328e-01
-6.405054925890237838e-01,-8.254151557891928892e-01
-6.863860953264211417e-02,-1.269440329570863613e+00
-3.899428233795195764e-01,-1.377742290961197824e+00
-7.846814140146554095e-01,-1.084984242203498095e+00
-9.778964629375374029e-01,-6.614704676034972586e-01
-1.148237828713238429e+00,-1.391845674335828287e+00
-1.147683374010134871e+00,-1.090608800423509273e+00
-9.361100511807769475e-01,-1.681350979667964429e+00
-9.729888208684986939e-01,-1.190972990072951543e+00
-8.489851547229179118e-01,-1.107824073640719886e+00
-3.343148830344869760e-01,-1.406541205424444829e+00
-4.119677854312217002e-01,-8.733965392921454463e-01
-6.336449486430462130e-01,-1.688609151999169056e+00
-4.768034703201394220e-01,-1.442205445429384891e+00
-6.215376143691746513e-01,-1.828340883910943404e+00
-6.715540217394774247e-01,-1.209761405537205237e+00
-3.970785204306462868e-01,-7.932646764007549312e-01
-1.883742832030259606e-01,-1.411287681570844832e+00
-9.619227727430843533e-01,-1.037953452558225464e+00
-1.587185714861498731e+00,-1.393689875389723110e+00
-5.011537203882213687e-01,-1.282299104473543006e+00
-5.515218386969488185e-01,-1.097032304443674278e+00
-7.302367111765842855e-01,-9.559610830485738564e-01
-6.760386403840946690e-01,-9.473564892493049339e-01
-2.636822298585446700e-01,-9.833863318048863267e-01
-1.129527785942635365e+00,-1.446722191923566214e+00
-5.006402878851923255e-01,-1.675032312904074283e+00
-9.002065574431646899e-01,-1.400790739998199586e+00
-4.337067804103598712e-01,-1.920996496783240914e+00
-9.429657457838297452e-01,-1.507161373298013141e+00
-2.932458375565105690e-03,-1.432648003854497532e+00
-8.114338847847091252e-01,-1.472450515135575344e+00
-1.124024795940348431e+00,-1.387813112569314500e+00
-5.501121341065867698e-01,-1.407150574272717947e+00
-2.975378472651879491e-02,-1.568102857150381224e+00
-9.971634966138749334e-01,-1.814142208302999881e+00
-3.120713376366668901e-01,-1.354914118577280613e+00
-2.262052327050692035e-01,-1.400367340881607303e+00
-1.409763916679595441e+00,-9.196962976327494044e-01
-4.807305954553063865e-01,-1.185888323304006287e+00
-2.607676793828779260e-01,-8.869214717228453004e-01
-4.876650032210091967e-01,-1.067892028097146673e+00
-7.923824625679688483e-01,-8.901224090130614996e-01
-1.171361962491528796e+00,-1.387541402816172331e+00
-7.822265117881004315e-01,-5.147928166770627811e-01
-6.299156509836496554e-01,-1.237632536201873634e+00
-8.024625455911956751e-01,-1.309031625917933983e+00
-6.892103827012184825e-01,-1.755392865166483851e+00
-1.042530349104102694e+00,-1.203546306480341777e+00
-1.409958125409330076e+00,-8.658206603468918683e-01
-7.580290575282091492e-01,-1.180572005084975951e+00
-8.405415598209429184e-01,-1.165401354788027088e+00
-4.171802131370075939e-01,-1.665450906140815590e+00
-1.018667944779239498e+00,-2.008366696205289070e+00
-8.008548011507538034e-01,-1.580210857019955117e+00
-3.515174466864742220e-01,-1.407920682642137100e+00
-1.105439716882459900e+00,-1.482334288935948763e+00
-5.371257702682777913e-01,-8.225138728827767753e-01
-1.022728499645487954e+00,-1.658657345270797112e+00
-2.964770024697797046e-01,-1.577901803475714626e+00
-4.769323385751452204e-01,-1.298200011000152365e+00
-3.120200783333334504e-01,-1.250072969495182651e+00
-8.339924130727496276e-01,-1.327085607900710951e+00
-1.054116915525503906e+00,-1.041324977483214287e+00
-8.715784531320346362e-01,-1.421079059911537712e+00
-1.547624105170872788e+00,-1.425740872135320636e+00
-6.026815467149003736e-01,-5.370234026472133770e-01
-8.779891982779906012e-01,-9.526742754427428572e-01
-8.464148329844413121e-01,-1.312476103761205160e+00
-1.033736931673212345e+00,-1.032527745236598404e+00
-6.839880759538090604e-01,-1.324072459724264350e+00
-1.340324877161925832e+00,-1.381592280549901686e+00
-9.960978317022612938e-01,-8.718153140947227930e-01
